pmcid,surname,given-names
4890474,Sutherland,Matthew T.
4890474,Riedel,Michael C.
4890474,Flannery,Jessica S.
4890474,Yanes,Julio A.
4890474,Fox,Peter T.
4890474,Stein,Elliot A.
4890474,Laird,Angela R.
9472396,Pankey,Brianna S.
9472396,Riedel,Michael C.
9472396,Cowan,Isis
9472396,Bartley,Jessica E.
9472396,Pintos Lobo,Rosario
9472396,Hill-Bowen,Lauren D.
9472396,Salo,Taylor
9472396,Musser,Erica D.
9472396,Sutherland,Matthew T.
9472396,Laird,Angela R.
6326731,Bottenhorn,Katherine L.
6326731,Flannery,Jessica S.
6326731,Boeving,Emily R.
6326731,Riedel,Michael C.
6326731,Eickhoff,Simon B.
6326731,Sutherland,Matthew T.
6326731,Laird,Angela R.
9148620,Kamalian,Aida
9148620,Khodadadifar,Tina
9148620,Saberi,Amin
9148620,Masoudi,Maryam
9148620,Camilleri,Julia A.
9148620,Eickhoff,Claudia R.
9148620,Zarei,Mojtaba
9148620,Pasquini,Lorenzo
9148620,Laird,Angela R.
9148620,Fox,Peter T.
9148620,Eickhoff,Simon B.
9148620,Tahmasian,Masoud
